<?xml version="1.0" encoding="UTF-8"?>
<project-private xmlns="http://www.netbeans.org/ns/project-private/1">
    <editor-bookmarks xmlns="http://www.netbeans.org/ns/editor-bookmarks/2" lastBookmarkId="3">
        <file>
            <url>src/javaapplication1/JavaApplication1.java</url>
            <bookmark id="2">
                <name/>
                <line>0</line>
                <key/>
            </bookmark>
        </file>
    </editor-bookmarks>
    <open-files xmlns="http://www.netbeans.org/ns/projectui-open-files/2">
        <group>
            <file>file:/C:/Users/loryb/OneDrive/Documentos/NetBeansProjects/JavaApplication1/src/javaapplication1/NovaSenha.java</file>
            <file>file:/C:/Users/loryb/OneDrive/Documentos/NetBeansProjects/JavaApplication1/src/javaapplication1/CadastroDeAtendente.java</file>
            <file>file:/C:/Users/loryb/OneDrive/Documentos/NetBeansProjects/JavaApplication1/src/javaapplication1/TelaInicial.java</file>
            <file>file:/C:/Users/loryb/OneDrive/Documentos/NetBeansProjects/JavaApplication1/src/javaapplication1/relatorios.java</file>
            <file>file:/C:/Users/loryb/OneDrive/Documentos/NetBeansProjects/JavaApplication1/src/javaapplication1/imagens/CadastroDeAdministrador.java</file>
            <file>file:/C:/Users/loryb/OneDrive/Documentos/NetBeansProjects/JavaApplication1/src/javaapplication1/log.java</file>
            <file>file:/C:/Users/loryb/OneDrive/Documentos/NetBeansProjects/JavaApplication1/src/javaapplication1/CadastroDeClientes.java</file>
        </group>
    </open-files>
</project-private>
